Métrica,Valor
MAE,0.2970836409910612
R²,-0.24344918983353003
