Métrica,Train,Validation,Test
MAE,0.15600841412028074,0.16471037752728226,0.1678525363030583
R²,0.575824989994365,0.5595081842611737,0.5411374236032586
